./dataset/1.jpg	615.237	-228.31055094408907
./dataset/2.jpg	615.237	188.60464546306986
./dataset/3.jpg	615.237	64.01865616293895
./dataset/4.jpg	615.237	180.88539273320725
./dataset/5.jpg	615.237	-180.1574182866048
./dataset/6.jpg	615.237	-131.95414024174684
./dataset/7.jpg	615.237	108.61425099085994
./dataset/8.jpg	615.237	-23.907989789364137
./dataset/9.jpg	615.237	-99.7360172770982
./dataset/10.jpg	615.237	121.19654148823048
./dataset/11.jpg	615.237	264.4453350580892
./dataset/12.jpg	615.237	-36.47351390885149
./dataset/13.jpg	615.237	112.49428580688857
./dataset/14.jpg	615.237	-237.80022853277842
./dataset/15.jpg	615.237	-183.76671353962377
./dataset/16.jpg	615.237	-103.5807462196158
./dataset/17.jpg	615.237	-285.7105807824008
./dataset/18.jpg	615.237	91.19352832908464
./dataset/19.jpg	615.237	-88.9317803695699
./dataset/20.jpg	615.237	100.5646583392795
./dataset/21.jpg	615.237	-249.33942787625682
./dataset/22.jpg	615.237	-96.28164957182847
./dataset/23.jpg	615.237	-43.62035865324248
./dataset/24.jpg	615.237	170.887523319526
./dataset/25.jpg	615.237	249.85206008224554
./dataset/26.jpg	615.237	226.59247081499984
./dataset/27.jpg	615.237	-12.16783447011045
./dataset/28.jpg	615.237	71.03750912470429
./dataset/29.jpg	615.237	-116.59950969858573
./dataset/30.jpg	615.237	97.4932916422606
./dataset/31.jpg	615.237	223.74616407436042
./dataset/32.jpg	615.237	-226.37906966700507
./dataset/33.jpg	615.237	-286.8136907949573
./dataset/34.jpg	615.237	109.39806483475292
./dataset/35.jpg	615.237	190.6140029881933
./dataset/36.jpg	615.237	145.18612938434916
./dataset/37.jpg	615.237	-139.9353749618958
./dataset/38.jpg	615.237	-184.86768147864592
./dataset/39.jpg	615.237	-288.7281353736456
./dataset/40.jpg	615.237	282.53185949477427
./dataset/41.jpg	615.237	201.40913902749014
./dataset/42.jpg	615.237	-205.37163548040775
./dataset/43.jpg	615.237	-145.85625735738344
./dataset/44.jpg	615.237	-93.7121227762392
./dataset/45.jpg	615.237	251.5684981646134
./dataset/46.jpg	615.237	43.32017372055003
./dataset/47.jpg	615.237	-270.7859245542062
./dataset/48.jpg	615.237	-217.65548027866942
./dataset/49.jpg	615.237	-61.57321238722318
./dataset/50.jpg	615.237	-66.20698179543675
./dataset/51.jpg	615.237	257.1868662181255
./dataset/52.jpg	615.237	34.95462704688606
./dataset/53.jpg	615.237	-181.55499729161858
./dataset/54.jpg	615.237	153.7139506036042
./dataset/55.jpg	615.237	-297.44619933554617
./dataset/56.jpg	615.237	-97.15776946988035
./dataset/57.jpg	615.237	173.437585057359
./dataset/58.jpg	615.237	199.30687388246582
./dataset/59.jpg	615.237	151.60520344452328
./dataset/60.jpg	615.237	-249.88908381172448
./dataset/61.jpg	615.237	263.81032733448626
./dataset/62.jpg	615.237	126.52568211524533
./dataset/63.jpg	615.237	-143.0121404229661
./dataset/64.jpg	615.237	100.5078349392432
./dataset/65.jpg	615.237	-283.1318219951404
./dataset/66.jpg	615.237	-285.52370405550715
./dataset/67.jpg	615.237	78.0514627318102
./dataset/68.jpg	615.237	-169.13191557066213
./dataset/69.jpg	615.237	-66.0529933508837
./dataset/70.jpg	615.237	-252.4505980395887
./dataset/71.jpg	615.237	231.43099426246943
./dataset/72.jpg	615.237	-177.60829132701872
./dataset/73.jpg	615.237	193.87159530962208
./dataset/74.jpg	615.237	250.17565207277858
./dataset/75.jpg	615.237	46.56747931218422
./dataset/76.jpg	615.237	-24.090229321395555
./dataset/77.jpg	615.237	204.1150676236627
./dataset/78.jpg	615.237	262.9493690477925
./dataset/79.jpg	615.237	-242.27650194724072
./dataset/80.jpg	615.237	-299.17812062870854
./dataset/81.jpg	615.237	-226.04617917434922
./dataset/82.jpg	615.237	83.1419721255611
./dataset/83.jpg	615.237	76.22289827903245
./dataset/84.jpg	615.237	-156.29968516662666
./dataset/85.jpg	615.237	-41.582800683134565
./dataset/86.jpg	615.237	193.58362944978165
./dataset/87.jpg	615.237	8.781564839626242
./dataset/88.jpg	615.237	198.4216787500505
./dataset/89.jpg	615.237	234.9729206471917
./dataset/90.jpg	615.237	-299.95423027102555
./dataset/91.jpg	615.237	8.61415660879743
./dataset/92.jpg	615.237	72.39896680987994
./dataset/93.jpg	615.237	225.16681693128135
./dataset/94.jpg	615.237	-139.06552344450944
./dataset/95.jpg	615.237	242.1203196673722
./dataset/96.jpg	615.237	-34.66234837886469
./dataset/97.jpg	615.237	227.96921870110486
./dataset/98.jpg	615.237	-219.5684351814931
./dataset/99.jpg	615.237	5.646527264126291
./dataset/100.jpg	615.237	-177.7603832445384
./dataset/101.jpg	571.3793909999999	133.7988751098485
./dataset/102.jpg	571.3793909999999	-290.3852963070117
./dataset/103.jpg	571.3793909999999	-237.75241198136436
./dataset/104.jpg	571.3793909999999	49.61322513492297
./dataset/105.jpg	571.3793909999999	71.3522602421557
./dataset/106.jpg	571.3793909999999	229.5984501183599
./dataset/107.jpg	571.3793909999999	-10.794818766794492
./dataset/108.jpg	571.3793909999999	295.2523202402906
./dataset/109.jpg	571.3793909999999	199.4010911151916
./dataset/110.jpg	571.3793909999999	210.8195983840538
./dataset/111.jpg	571.3793909999999	137.60492249654845
./dataset/112.jpg	571.3793909999999	116.1456560640961
./dataset/113.jpg	571.3793909999999	49.284622208931864
./dataset/114.jpg	571.3793909999999	108.8558776727765
./dataset/115.jpg	571.3793909999999	-57.051883421632425
./dataset/116.jpg	571.3793909999999	-155.88967227098064
./dataset/117.jpg	571.3793909999999	-248.791111753635
./dataset/118.jpg	571.3793909999999	-248.03012563770352
./dataset/119.jpg	571.3793909999999	282.7314990006548
./dataset/120.jpg	571.3793909999999	18.168161145447698
./dataset/121.jpg	571.3793909999999	205.2355221062537
./dataset/122.jpg	571.3793909999999	59.13409021736635
./dataset/123.jpg	571.3793909999999	149.64980006877414
./dataset/124.jpg	571.3793909999999	-194.51366306091322
./dataset/125.jpg	571.3793909999999	-55.000261241535156
./dataset/126.jpg	571.3793909999999	238.3049112634659
./dataset/127.jpg	571.3793909999999	-153.80260302088814
./dataset/128.jpg	571.3793909999999	-173.14550590525857
./dataset/129.jpg	571.3793909999999	-139.21539754719717
./dataset/130.jpg	571.3793909999999	-10.367552163805158
./dataset/131.jpg	571.3793909999999	-59.663728834679915
./dataset/132.jpg	571.3793909999999	89.34140199025512
./dataset/133.jpg	571.3793909999999	177.62635560536762
./dataset/134.jpg	571.3793909999999	84.76785487354698
./dataset/135.jpg	571.3793909999999	-46.294251445478636
./dataset/136.jpg	571.3793909999999	292.4904699422141
./dataset/137.jpg	571.3793909999999	-22.90442517088752
./dataset/138.jpg	571.3793909999999	-142.0240760638679
./dataset/139.jpg	571.3793909999999	-280.29139568010385
./dataset/140.jpg	571.3793909999999	163.80874601836564
./dataset/141.jpg	571.3793909999999	-270.3714616568949
./dataset/142.jpg	571.3793909999999	117.25119560096852
./dataset/143.jpg	571.3793909999999	-53.16213954778928
./dataset/144.jpg	571.3793909999999	-49.90205106090343
./dataset/145.jpg	571.3793909999999	281.6505011762339
./dataset/146.jpg	571.3793909999999	221.70086624510066
./dataset/147.jpg	571.3793909999999	24.0488388587857
./dataset/148.jpg	571.3793909999999	142.72611949183454
./dataset/149.jpg	571.3793909999999	289.61700500956886
./dataset/150.jpg	571.3793909999999	114.62560292157144
./dataset/151.jpg	571.3793909999999	-161.13283143039445
./dataset/152.jpg	571.3793909999999	149.5144279009109
./dataset/153.jpg	571.3793909999999	-158.398892359609
./dataset/154.jpg	571.3793909999999	-60.85490729775259
./dataset/155.jpg	571.3793909999999	-195.817233365006
./dataset/156.jpg	571.3793909999999	-201.89923141872424
./dataset/157.jpg	571.3793909999999	-295.1325478644078
./dataset/158.jpg	571.3793909999999	-274.60703289697886
./dataset/159.jpg	571.3793909999999	-147.54602600764574
./dataset/160.jpg	571.3793909999999	-230.7016247503639
./dataset/161.jpg	571.3793909999999	-125.50276198291527
./dataset/162.jpg	571.3793909999999	26.75050744301501
./dataset/163.jpg	571.3793909999999	-236.3302137128942
./dataset/164.jpg	571.3793909999999	-88.53501133124482
./dataset/165.jpg	571.3793909999999	-160.35169024936445
./dataset/166.jpg	571.3793909999999	-6.858689780948794
./dataset/167.jpg	571.3793909999999	-145.1027371439324
./dataset/168.jpg	571.3793909999999	-215.68122212695994
./dataset/169.jpg	571.3793909999999	76.9121801657775
./dataset/170.jpg	571.3793909999999	270.97453050622266
./dataset/171.jpg	571.3793909999999	178.5019894517726
./dataset/172.jpg	571.3793909999999	70.73258973325068
./dataset/173.jpg	571.3793909999999	-32.208239060045855
./dataset/174.jpg	571.3793909999999	232.19203221219152
./dataset/175.jpg	571.3793909999999	144.5520579188124
./dataset/176.jpg	571.3793909999999	-18.52456268713695
./dataset/177.jpg	571.3793909999999	50.25486600460653
./dataset/178.jpg	571.3793909999999	219.01539124021804
./dataset/179.jpg	571.3793909999999	-81.94419953156665
./dataset/180.jpg	571.3793909999999	-61.066335470038865
./dataset/181.jpg	571.3793909999999	-14.726341292619225
./dataset/182.jpg	571.3793909999999	135.4585936402205
./dataset/183.jpg	571.3793909999999	214.8839254569342
./dataset/184.jpg	571.3793909999999	146.0610043701343
./dataset/185.jpg	571.3793909999999	-277.0250215308397
./dataset/186.jpg	571.3793909999999	-34.60353129455973
./dataset/187.jpg	571.3793909999999	-52.78786110926259
./dataset/188.jpg	571.3793909999999	-6.835306596907344
./dataset/189.jpg	571.3793909999999	124.1469472684708
./dataset/190.jpg	571.3793909999999	-122.60342316421844
./dataset/191.jpg	571.3793909999999	-278.87457428028875
./dataset/192.jpg	571.3793909999999	233.69074145142065
./dataset/193.jpg	571.3793909999999	-52.54183311464902
./dataset/194.jpg	571.3793909999999	-233.22718760843173
./dataset/195.jpg	571.3793909999999	-226.1442643905832
./dataset/196.jpg	571.3793909999999	217.56519960943535
./dataset/197.jpg	571.3793909999999	-270.12806087908126
./dataset/198.jpg	571.3793909999999	-296.3352004232436
./dataset/199.jpg	571.3793909999999	-106.10224658832769
./dataset/200.jpg	571.3793909999999	-82.6600875682762
./dataset/201.jpg	562.5024	-42.11607098356649
./dataset/202.jpg	562.5024	263.34454654999377
./dataset/203.jpg	562.5024	172.6601754023563
./dataset/204.jpg	562.5024	-60.23754158492599
./dataset/205.jpg	562.5024	-194.69760475996924
./dataset/206.jpg	562.5024	142.7281360020877
./dataset/207.jpg	562.5024	-97.45231616662508
./dataset/208.jpg	562.5024	-183.8079633896184
./dataset/209.jpg	562.5024	104.34105298743043
./dataset/210.jpg	562.5024	-296.5156795110674
./dataset/211.jpg	562.5024	-232.9004914373515
./dataset/212.jpg	562.5024	16.6761226078944
./dataset/213.jpg	562.5024	129.42955531689125
./dataset/214.jpg	562.5024	77.06899285736995
./dataset/215.jpg	562.5024	-67.54287305649947
./dataset/216.jpg	562.5024	206.43117841932718
./dataset/217.jpg	562.5024	282.50067115449144
./dataset/218.jpg	562.5024	49.76531071810132
./dataset/219.jpg	562.5024	-54.535632868268294
./dataset/220.jpg	562.5024	-94.97442646424167
./dataset/221.jpg	562.5024	159.40386505543324
./dataset/222.jpg	562.5024	-290.857779430626
./dataset/223.jpg	562.5024	-31.010379317383354
./dataset/224.jpg	562.5024	-130.01866166551622
./dataset/225.jpg	562.5024	-200.8897698729018
./dataset/226.jpg	562.5024	4.768354041864484
./dataset/227.jpg	562.5024	-191.8796477411808
./dataset/228.jpg	562.5024	174.361648089813
./dataset/229.jpg	562.5024	-202.55969996480178
./dataset/230.jpg	562.5024	-144.87055783854626
./dataset/231.jpg	562.5024	-237.07885331760428
./dataset/232.jpg	562.5024	-227.16127142140004
./dataset/233.jpg	562.5024	-287.7872256757128
./dataset/234.jpg	562.5024	-251.0240669956113
./dataset/235.jpg	562.5024	-284.3123066906001
./dataset/236.jpg	562.5024	-6.870639881606792
./dataset/237.jpg	562.5024	153.41261371976293
./dataset/238.jpg	562.5024	-232.1622998471977
./dataset/239.jpg	562.5024	-112.42922150446196
./dataset/240.jpg	562.5024	152.91355445641466
./dataset/241.jpg	562.5024	58.44807962640937
./dataset/242.jpg	562.5024	-202.28018317269132
./dataset/243.jpg	562.5024	228.4808468232601
./dataset/244.jpg	562.5024	2.0580169280332825
./dataset/245.jpg	562.5024	-44.01726866355847
./dataset/246.jpg	562.5024	-8.512393594468108
./dataset/247.jpg	562.5024	-239.7640810646737
./dataset/248.jpg	562.5024	17.35377767258757
./dataset/249.jpg	562.5024	114.85833816875265
./dataset/250.jpg	562.5024	-43.383216655989315
./dataset/251.jpg	562.5024	40.34726002719373
./dataset/252.jpg	562.5024	-109.97233418457978
./dataset/253.jpg	562.5024	283.744106029568
./dataset/254.jpg	562.5024	-233.67183459539658
./dataset/255.jpg	562.5024	-189.1938853732536
./dataset/256.jpg	562.5024	-289.8996578316296
./dataset/257.jpg	562.5024	-68.25624766176361
./dataset/258.jpg	562.5024	266.0695150185636
./dataset/259.jpg	562.5024	-190.864622810188
./dataset/260.jpg	562.5024	128.1398512758252
./dataset/261.jpg	562.5024	-252.2719660501237
./dataset/262.jpg	562.5024	116.17621028570835
./dataset/263.jpg	562.5024	234.09628839928894
./dataset/264.jpg	562.5024	-219.83963626015924
./dataset/265.jpg	562.5024	12.346253030338403
./dataset/266.jpg	562.5024	-292.6196993889445
./dataset/267.jpg	562.5024	-73.76629556844082
./dataset/268.jpg	562.5024	184.14133924510986
./dataset/269.jpg	562.5024	-214.41446043714575
./dataset/270.jpg	562.5024	171.50598320692802
./dataset/271.jpg	562.5024	174.38752714634666
./dataset/272.jpg	562.5024	87.40286143998918
./dataset/273.jpg	562.5024	268.61908771912886
./dataset/274.jpg	562.5024	93.92821422270742
./dataset/275.jpg	562.5024	44.84948419257415
./dataset/276.jpg	562.5024	199.94971986972445
./dataset/277.jpg	562.5024	-289.7089286686083
./dataset/278.jpg	562.5024	-66.37811974703689
./dataset/279.jpg	562.5024	-279.83816897572837
./dataset/280.jpg	562.5024	182.73651015687267
./dataset/281.jpg	562.5024	-94.01581056567079
./dataset/282.jpg	562.5024	93.783864915207
./dataset/283.jpg	562.5024	-112.02652843067463
./dataset/284.jpg	562.5024	-198.8673681929996
./dataset/285.jpg	562.5024	48.27230334417493
./dataset/286.jpg	562.5024	-147.62829602104134
./dataset/287.jpg	562.5024	-83.28155340760418
./dataset/288.jpg	562.5024	-187.5812261154989
./dataset/289.jpg	562.5024	16.276625825106464
./dataset/290.jpg	562.5024	-76.69385134473555
./dataset/291.jpg	562.5024	191.65755951807301
./dataset/292.jpg	562.5024	288.49666566693475
./dataset/293.jpg	562.5024	63.55289250405076
./dataset/294.jpg	562.5024	-112.91904618341997
./dataset/295.jpg	562.5024	-106.9791271964605
./dataset/296.jpg	562.5024	-93.89100466514333
./dataset/297.jpg	562.5024	66.93364082012397
./dataset/298.jpg	562.5024	-122.7807620120526
./dataset/299.jpg	562.5024	0.8596679119240207
./dataset/300.jpg	562.5024	-284.99300061070056
./dataset/301.jpg	544.9241999999999	-240.1243687928351
./dataset/302.jpg	544.9241999999999	-2.5249963146208074
./dataset/303.jpg	544.9241999999999	165.24780372010002
./dataset/304.jpg	544.9241999999999	-6.1719073205663335
./dataset/305.jpg	544.9241999999999	126.86330793735215
./dataset/306.jpg	544.9241999999999	-88.71785853992023
./dataset/307.jpg	544.9241999999999	-281.06358832925554
./dataset/308.jpg	544.9241999999999	-171.6211445033865
./dataset/309.jpg	544.9241999999999	68.93381176466289
./dataset/310.jpg	544.9241999999999	-81.87368295789477
./dataset/311.jpg	544.9241999999999	-13.049400877380208
./dataset/312.jpg	544.9241999999999	-290.0380982722849
./dataset/313.jpg	544.9241999999999	-55.52819076818312
./dataset/314.jpg	544.9241999999999	229.80392870467074
./dataset/315.jpg	544.9241999999999	-133.92294286330136
./dataset/316.jpg	544.9241999999999	149.5635168896211
./dataset/317.jpg	544.9241999999999	-199.8362141946794
./dataset/318.jpg	544.9241999999999	-186.64862247135187
./dataset/319.jpg	544.9241999999999	-50.37665452915542
./dataset/320.jpg	544.9241999999999	-213.17843756276204
./dataset/321.jpg	544.9241999999999	-194.41322973443698
./dataset/322.jpg	544.9241999999999	-293.13460303958993
./dataset/323.jpg	544.9241999999999	-159.51333804462234
./dataset/324.jpg	544.9241999999999	298.9602181955622
./dataset/325.jpg	544.9241999999999	184.85371833221342
./dataset/326.jpg	544.9241999999999	196.73933858242793
./dataset/327.jpg	544.9241999999999	-66.88895264997072
./dataset/328.jpg	544.9241999999999	165.1641285235832
./dataset/329.jpg	544.9241999999999	-219.05475266590176
./dataset/330.jpg	544.9241999999999	-162.25999247293194
./dataset/331.jpg	544.9241999999999	12.765181887278857
./dataset/332.jpg	544.9241999999999	197.19088796536045
./dataset/333.jpg	544.9241999999999	-262.01829427063444
./dataset/334.jpg	544.9241999999999	120.47033991095782
./dataset/335.jpg	544.9241999999999	178.06117947053548
./dataset/336.jpg	544.9241999999999	227.09154079287634
./dataset/337.jpg	544.9241999999999	103.92081651360195
./dataset/338.jpg	544.9241999999999	59.57941292556268
./dataset/339.jpg	544.9241999999999	60.83844718626517
./dataset/340.jpg	544.9241999999999	261.01513693317963
./dataset/341.jpg	544.9241999999999	209.90705849010442
./dataset/342.jpg	544.9241999999999	28.058237221890636
./dataset/343.jpg	544.9241999999999	186.1569870746809
./dataset/344.jpg	544.9241999999999	-16.454139576238845
./dataset/345.jpg	544.9241999999999	250.4517296365742
./dataset/346.jpg	544.9241999999999	-95.8503140013535
./dataset/347.jpg	544.9241999999999	64.9420877132822
./dataset/348.jpg	544.9241999999999	293.67456427671414
./dataset/349.jpg	544.9241999999999	225.075382555587
./dataset/350.jpg	544.9241999999999	-61.05023812721896
./dataset/351.jpg	544.9241999999999	196.05520729218222
./dataset/352.jpg	544.9241999999999	-223.80327177384538
./dataset/353.jpg	544.9241999999999	-63.84253929563326
./dataset/354.jpg	544.9241999999999	-142.81969253153483
./dataset/355.jpg	544.9241999999999	22.166943981713132
./dataset/356.jpg	544.9241999999999	-206.47480691154146
./dataset/357.jpg	544.9241999999999	298.49454550167593
./dataset/358.jpg	544.9241999999999	4.362850492204643
./dataset/359.jpg	544.9241999999999	222.46816999913506
./dataset/360.jpg	544.9241999999999	144.87684087173545
./dataset/361.jpg	544.9241999999999	-64.08651193563938
./dataset/362.jpg	544.9241999999999	-211.52584726311397
./dataset/363.jpg	544.9241999999999	-148.11527101018532
./dataset/364.jpg	544.9241999999999	-262.0928684173467
./dataset/365.jpg	544.9241999999999	-145.0151998356548
./dataset/366.jpg	544.9241999999999	-6.301798244425299
./dataset/367.jpg	544.9241999999999	290.536718096959
./dataset/368.jpg	544.9241999999999	198.2836190658653
./dataset/369.jpg	544.9241999999999	36.303238793703656
./dataset/370.jpg	544.9241999999999	-264.88590136259944
./dataset/371.jpg	544.9241999999999	202.48354239356576
./dataset/372.jpg	544.9241999999999	-110.72087211069652
./dataset/373.jpg	544.9241999999999	-209.73773523469578
./dataset/374.jpg	544.9241999999999	-127.77692700742526
./dataset/375.jpg	544.9241999999999	-273.0604111286561
./dataset/376.jpg	544.9241999999999	95.06026689409703
./dataset/377.jpg	544.9241999999999	-298.34143004025424
./dataset/378.jpg	544.9241999999999	-78.61982235188779
./dataset/379.jpg	544.9241999999999	291.28628308716895
./dataset/380.jpg	544.9241999999999	113.34692915107775
./dataset/381.jpg	544.9241999999999	145.3112492771226
./dataset/382.jpg	544.9241999999999	287.8267494691604
./dataset/383.jpg	544.9241999999999	44.903055595942135
./dataset/384.jpg	544.9241999999999	-28.899555948591853
./dataset/385.jpg	544.9241999999999	290.6342811670361
./dataset/386.jpg	544.9241999999999	-165.68696077953965
./dataset/387.jpg	544.9241999999999	-249.94468821135152
./dataset/388.jpg	544.9241999999999	181.02257798952917
./dataset/389.jpg	544.9241999999999	256.7541704431246
./dataset/390.jpg	544.9241999999999	111.18713587269701
./dataset/391.jpg	544.9241999999999	194.81012306317285
./dataset/392.jpg	544.9241999999999	175.84700525869744
./dataset/393.jpg	544.9241999999999	-49.39942293751716
./dataset/394.jpg	544.9241999999999	-20.225767388056283
./dataset/395.jpg	544.9241999999999	58.42737137950064
./dataset/396.jpg	544.9241999999999	214.6288671190232
./dataset/397.jpg	544.9241999999999	224.24921957214644
./dataset/398.jpg	544.9241999999999	261.9437860538703
./dataset/399.jpg	544.9241999999999	-284.64742171899775
./dataset/400.jpg	633.9857999999999	90.05863484674171
./dataset/401.jpg	633.9857999999999	77.61338752972176
./dataset/402.jpg	633.9857999999999	-1.126614377197427
./dataset/403.jpg	633.9857999999999	-258.40093894290663
./dataset/404.jpg	633.9857999999999	53.274411102720705
./dataset/405.jpg	633.9857999999999	-293.5028872250441
./dataset/406.jpg	633.9857999999999	-296.31188546084434
./dataset/407.jpg	633.9857999999999	-188.09787753921472
./dataset/408.jpg	633.9857999999999	274.59159482559687
./dataset/409.jpg	633.9857999999999	241.70868670333425
./dataset/410.jpg	633.9857999999999	-272.43614409442654
./dataset/411.jpg	633.9857999999999	82.61600322450619
./dataset/412.jpg	633.9857999999999	54.737581656215525
./dataset/413.jpg	633.9857999999999	265.8995421323606
./dataset/414.jpg	633.9857999999999	-283.1231217418889
./dataset/415.jpg	633.9857999999999	-289.0991429442944
./dataset/416.jpg	633.9857999999999	-267.66594691419243
./dataset/417.jpg	633.9857999999999	-46.581618167716414
./dataset/418.jpg	633.9857999999999	44.193071628850134
./dataset/419.jpg	633.9857999999999	259.9954452447672
./dataset/420.jpg	633.9857999999999	201.56163288901445
./dataset/421.jpg	633.9857999999999	136.0780050046411
./dataset/422.jpg	633.9857999999999	-232.2666478486106
./dataset/423.jpg	633.9857999999999	285.1217930682037
./dataset/424.jpg	633.9857999999999	182.62298441851436
./dataset/425.jpg	633.9857999999999	42.23053954053535
./dataset/426.jpg	633.9857999999999	-173.88886385437746
./dataset/427.jpg	633.9857999999999	223.89243220240905
./dataset/428.jpg	633.9857999999999	0.07816110136963061
./dataset/429.jpg	633.9857999999999	-120.26017292725984
./dataset/430.jpg	633.9857999999999	234.97832082003902
./dataset/431.jpg	633.9857999999999	226.49783912793157
./dataset/432.jpg	633.9857999999999	151.02271877080813
./dataset/433.jpg	633.9857999999999	-134.2956764494752
./dataset/434.jpg	633.9857999999999	136.27862839401172
./dataset/435.jpg	633.9857999999999	29.94095485229485
./dataset/436.jpg	633.9857999999999	30.274627681825848
./dataset/437.jpg	633.9857999999999	34.06640211184276
./dataset/438.jpg	633.9857999999999	-142.88052404234085
./dataset/439.jpg	633.9857999999999	191.9177920212511
./dataset/440.jpg	633.9857999999999	52.94627787714637
./dataset/441.jpg	633.9857999999999	-145.79530505520765
./dataset/442.jpg	633.9857999999999	-203.3905274261257
./dataset/443.jpg	633.9857999999999	216.8255121672413
./dataset/444.jpg	633.9857999999999	-14.667082997902753
./dataset/445.jpg	633.9857999999999	9.029001279133752
./dataset/446.jpg	633.9857999999999	61.819797038623165
./dataset/447.jpg	633.9857999999999	222.0663667693285
./dataset/448.jpg	633.9857999999999	231.49868444003982
./dataset/449.jpg	633.9857999999999	138.82257704878447
./dataset/450.jpg	633.9857999999999	-14.146391967379031
./dataset/451.jpg	633.9857999999999	161.72756959877717
./dataset/452.jpg	633.9857999999999	-195.9596734850033
./dataset/453.jpg	633.9857999999999	30.596384170848808
./dataset/454.jpg	633.9857999999999	122.67690363049763
./dataset/455.jpg	633.9857999999999	-177.66728343021683
./dataset/456.jpg	633.9857999999999	15.515469526190827
./dataset/457.jpg	633.9857999999999	-138.05975287609925
./dataset/458.jpg	633.9857999999999	137.23880119175624
./dataset/459.jpg	633.9857999999999	-226.88984111349822
./dataset/460.jpg	633.9857999999999	-293.7678000034659
./dataset/461.jpg	633.9857999999999	-270.4652133706718
./dataset/462.jpg	633.9857999999999	96.9225544235095
./dataset/463.jpg	633.9857999999999	91.64706877862352
./dataset/464.jpg	633.9857999999999	-277.49710165015955
./dataset/465.jpg	633.9857999999999	-53.38373877954854
./dataset/466.jpg	633.9857999999999	75.40137486454512
./dataset/467.jpg	633.9857999999999	-108.75781520859096
./dataset/468.jpg	633.9857999999999	-257.0303453671849
./dataset/469.jpg	633.9857999999999	236.0733650620433
./dataset/470.jpg	633.9857999999999	168.13994419423062
./dataset/471.jpg	633.9857999999999	86.92541990190756
./dataset/472.jpg	633.9857999999999	-248.14424420562807
./dataset/473.jpg	633.9857999999999	-233.69941820214382
./dataset/474.jpg	633.9857999999999	-118.4939501340969
./dataset/475.jpg	633.9857999999999	104.73821335247459
./dataset/476.jpg	633.9857999999999	225.8055665489668
./dataset/477.jpg	633.9857999999999	-17.974753264733977
./dataset/478.jpg	633.9857999999999	124.85275905147347
./dataset/479.jpg	633.9857999999999	212.89960132620672
./dataset/480.jpg	633.9857999999999	217.3728564924745
./dataset/481.jpg	633.9857999999999	162.13604443450174
./dataset/482.jpg	633.9857999999999	-255.56779231945967
./dataset/483.jpg	633.9857999999999	102.0207135190737
./dataset/484.jpg	633.9857999999999	-269.2175560424315
./dataset/485.jpg	633.9857999999999	39.703511263570874
./dataset/486.jpg	633.9857999999999	-5.21846218347622
./dataset/487.jpg	633.9857999999999	-120.71248323379069
./dataset/488.jpg	633.9857999999999	-260.8917058559801
./dataset/489.jpg	633.9857999999999	290.5695627821286
./dataset/490.jpg	633.9857999999999	80.10952606564001
./dataset/491.jpg	633.9857999999999	97.97909033168804
./dataset/492.jpg	633.9857999999999	-253.3918452634106
./dataset/493.jpg	633.9857999999999	109.20440329073409
./dataset/494.jpg	633.9857999999999	-173.8954097505812
./dataset/495.jpg	633.9857999999999	-26.140384898661125
./dataset/496.jpg	633.9857999999999	-206.74946058989423
./dataset/497.jpg	633.9857999999999	3.726974917765972
./dataset/498.jpg	633.9857999999999	190.09663909507879
./dataset/499.jpg	633.9857999999999	78.24164540740384
./dataset/500.jpg	633.9857999999999	99.63947877124792
./dataset/501.jpg	633.9857999999999	-187.28576579968052
./dataset/502.jpg	633.9857999999999	60.29818224437935
./dataset/503.jpg	633.9857999999999	27.151700264554847
./dataset/504.jpg	633.9857999999999	180.00633575920392
./dataset/505.jpg	633.9857999999999	10.643611018485217
./dataset/506.jpg	633.9857999999999	-212.18269376182553
./dataset/507.jpg	633.9857999999999	121.5977125521967
./dataset/508.jpg	633.9857999999999	-202.91740613953476
./dataset/509.jpg	633.9857999999999	42.98587884149731
./dataset/510.jpg	633.9857999999999	96.88364298005183
./dataset/511.jpg	633.9857999999999	1.2901192208863677
./dataset/512.jpg	633.9857999999999	187.7376486193396
./dataset/513.jpg	633.9857999999999	-230.39191642637687
./dataset/514.jpg	633.9857999999999	5.630173800347677
./dataset/515.jpg	633.9857999999999	2.912576262326695
./dataset/516.jpg	633.9857999999999	140.6310381595963
./dataset/517.jpg	633.9857999999999	-92.29437786169999
./dataset/518.jpg	633.9857999999999	119.24059400669466
./dataset/519.jpg	633.9857999999999	281.7662380128289
./dataset/520.jpg	633.9857999999999	-133.13412816471046
./dataset/521.jpg	633.9857999999999	-179.63578393446377
./dataset/522.jpg	633.9857999999999	-96.41854922008531
./dataset/523.jpg	633.9857999999999	-98.31505704192892
./dataset/524.jpg	633.9857999999999	-37.97213666219011
./dataset/525.jpg	633.9857999999999	-8.766577430026018
./dataset/526.jpg	633.9857999999999	-246.94346550047112
./dataset/527.jpg	633.9857999999999	-196.43451484607868
./dataset/528.jpg	633.9857999999999	209.0250282230097
./dataset/529.jpg	633.9857999999999	245.47878943777118
./dataset/530.jpg	633.9857999999999	-261.40457502079255
./dataset/531.jpg	633.9857999999999	15.957009802676737
./dataset/532.jpg	633.9857999999999	-237.23657856195737
./dataset/533.jpg	633.9857999999999	-18.672730439646784
./dataset/534.jpg	633.9857999999999	75.93030085842452
./dataset/535.jpg	633.9857999999999	-289.6989898075415
./dataset/536.jpg	633.9857999999999	-286.51488132580204
./dataset/537.jpg	633.9857999999999	104.13514973219532
./dataset/538.jpg	633.9857999999999	-287.47277882839103
./dataset/539.jpg	633.9857999999999	-211.38643863167385
./dataset/540.jpg	633.9857999999999	-224.51645234927992
./dataset/541.jpg	633.9857999999999	-129.8207826116005
./dataset/542.jpg	633.9857999999999	101.63016149987715
./dataset/543.jpg	633.9857999999999	162.63974790512145
./dataset/544.jpg	633.9857999999999	34.02679507636111
./dataset/545.jpg	633.9857999999999	107.15563462622248
./dataset/546.jpg	633.9857999999999	298.43677821942174
./dataset/547.jpg	633.9857999999999	-173.24025874746314
./dataset/548.jpg	633.9857999999999	51.25560718008711
./dataset/549.jpg	633.9857999999999	211.6222785881327
./dataset/550.jpg	633.9857999999999	-274.3510886767577
./dataset/551.jpg	633.9857999999999	-227.46356699745854
./dataset/552.jpg	633.9857999999999	120.2644399936072
./dataset/553.jpg	633.9857999999999	-128.83942923464983
./dataset/554.jpg	633.9857999999999	216.6499063684738
./dataset/555.jpg	633.9857999999999	-219.90574317279737
./dataset/556.jpg	633.9857999999999	-189.44949804614225
./dataset/557.jpg	633.9857999999999	194.83985956485174
./dataset/558.jpg	633.9857999999999	242.09888065394694
./dataset/559.jpg	633.9857999999999	38.859342675462756
./dataset/560.jpg	633.9857999999999	-235.42895071833397
./dataset/561.jpg	633.9857999999999	-139.47637626652175
./dataset/562.jpg	633.9857999999999	84.84777105014064
./dataset/563.jpg	633.9857999999999	186.21986626821865
./dataset/564.jpg	633.9857999999999	-70.14736689324442
./dataset/565.jpg	633.9857999999999	-89.09205823136432
./dataset/566.jpg	633.9857999999999	194.0091819076556
./dataset/567.jpg	633.9857999999999	156.522652372246
./dataset/568.jpg	633.9857999999999	89.04502724357388
./dataset/569.jpg	633.9857999999999	261.8844234338965
./dataset/570.jpg	633.9857999999999	253.7141011980707
./dataset/571.jpg	633.9857999999999	-152.9379582017127
./dataset/572.jpg	633.9857999999999	-81.46975973057832
./dataset/573.jpg	633.9857999999999	206.9470394433871
./dataset/574.jpg	633.9857999999999	136.65599507565076
./dataset/575.jpg	633.9857999999999	-157.06132241020703
./dataset/576.jpg	633.9857999999999	-121.81774897404833
./dataset/577.jpg	633.9857999999999	-146.1561094620634
./dataset/578.jpg	633.9857999999999	-232.8505641366395
./dataset/579.jpg	633.9857999999999	204.11782032585984
./dataset/580.jpg	633.9857999999999	-192.60303440619282
./dataset/581.jpg	633.9857999999999	30.396767131586614
./dataset/582.jpg	633.9857999999999	245.08469490250116
./dataset/583.jpg	633.9857999999999	-50.2341447201712
./dataset/584.jpg	633.9857999999999	-49.14392292183237
./dataset/585.jpg	633.9857999999999	131.70984645056853
./dataset/586.jpg	633.9857999999999	175.6485440361684
./dataset/587.jpg	633.9857999999999	-248.63075093939767
./dataset/588.jpg	633.9857999999999	-214.71653299128522
./dataset/589.jpg	633.9857999999999	278.44045778277905
./dataset/590.jpg	633.9857999999999	-28.91620948847344
./dataset/591.jpg	633.9857999999999	70.16850239467976
./dataset/592.jpg	633.9857999999999	118.22561156863213
./dataset/593.jpg	633.9857999999999	162.8488208866774
./dataset/594.jpg	633.9857999999999	104.88068156187774
./dataset/595.jpg	633.9857999999999	-9.345649587241041
./dataset/596.jpg	633.9857999999999	289.0621319146785
./dataset/597.jpg	633.9857999999999	177.67732557645786
./dataset/598.jpg	633.9857999999999	-93.63805159884592
./dataset/599.jpg	633.9857999999999	-184.76610233717994
./dataset/600.jpg	633.9857999999999	264.08024525639837
./dataset/601.jpg	633.9857999999999	-166.0499341957601
./dataset/602.jpg	633.9857999999999	-121.10858326848927
./dataset/603.jpg	633.9857999999999	17.63142376919933
./dataset/604.jpg	633.9857999999999	-113.80789005354143
./dataset/605.jpg	633.9857999999999	-285.45040193780306
./dataset/606.jpg	633.9857999999999	-6.768204709659187
./dataset/607.jpg	633.9857999999999	-106.07441382082888
./dataset/608.jpg	633.9857999999999	179.29938654335933
./dataset/609.jpg	633.9857999999999	-2.5606567662636053
./dataset/610.jpg	633.9857999999999	128.70190545081908
./dataset/611.jpg	633.9857999999999	251.80850696487812
./dataset/612.jpg	633.9857999999999	-142.11746362042445
./dataset/613.jpg	633.9857999999999	-228.29438329728677
./dataset/614.jpg	633.9857999999999	-295.25598286765114
./dataset/615.jpg	633.9857999999999	-53.39166629342827
./dataset/616.jpg	633.9857999999999	-155.98195188298865
./dataset/617.jpg	633.9857999999999	-153.49027696941567
./dataset/618.jpg	633.9857999999999	246.855065773045
./dataset/619.jpg	633.9857999999999	104.60707115241303
./dataset/620.jpg	633.9857999999999	147.4982162649057
./dataset/621.jpg	633.9857999999999	202.85328662915526
./dataset/622.jpg	633.9857999999999	-82.27678121438143
./dataset/623.jpg	633.9857999999999	-44.683774555265416
./dataset/624.jpg	633.9857999999999	-3.1445213576389506
./dataset/625.jpg	633.9857999999999	182.3296211101656
./dataset/626.jpg	633.9857999999999	-187.37530870465224
./dataset/627.jpg	633.9857999999999	-273.9102682216188
./dataset/628.jpg	633.9857999999999	-173.86167555390233
./dataset/629.jpg	633.9857999999999	-186.56501942565595
./dataset/630.jpg	633.9857999999999	-128.34023605746142
./dataset/631.jpg	633.9857999999999	-246.77529808273667
./dataset/632.jpg	633.9857999999999	41.448974694656556
./dataset/633.jpg	633.9857999999999	-288.4907843326713
./dataset/634.jpg	633.9857999999999	-20.01199485306239
./dataset/635.jpg	633.9857999999999	-30.527135928690257
./dataset/636.jpg	633.9857999999999	203.95827841587794
./dataset/637.jpg	633.9857999999999	129.1882161179085
./dataset/638.jpg	633.9857999999999	251.48640597094288
./dataset/639.jpg	633.9857999999999	228.12507943065248
./dataset/640.jpg	633.9857999999999	-110.78756911004538
./dataset/641.jpg	633.9857999999999	-271.9445126310845
./dataset/642.jpg	633.9857999999999	-183.6853095986421
./dataset/643.jpg	633.9857999999999	254.68286971084103
./dataset/644.jpg	633.9857999999999	186.6316595291632
./dataset/645.jpg	633.9857999999999	67.74883950508081
./dataset/646.jpg	633.9857999999999	29.688371101966084
./dataset/647.jpg	633.9857999999999	-153.67283162048895
./dataset/648.jpg	633.9857999999999	148.19882744970772
./dataset/649.jpg	633.9857999999999	-123.52209098735486
./dataset/650.jpg	633.9857999999999	39.91307423453327
./dataset/651.jpg	633.9857999999999	-108.48923234364648
./dataset/652.jpg	633.9857999999999	259.29232513097975
./dataset/653.jpg	633.9857999999999	270.9520608051971
./dataset/654.jpg	633.9857999999999	107.82149272289286
./dataset/655.jpg	633.9857999999999	272.16977098303096
./dataset/656.jpg	633.9857999999999	38.859973924392364
./dataset/657.jpg	633.9857999999999	-269.5326253946162
./dataset/658.jpg	633.9857999999999	30.882727311982535
./dataset/659.jpg	633.9857999999999	219.80187751905748
./dataset/660.jpg	633.9857999999999	-136.31041450156658
./dataset/661.jpg	633.9857999999999	137.54460633840233
./dataset/662.jpg	633.9857999999999	-199.6358040741742
./dataset/663.jpg	633.9857999999999	-21.619611522726757
./dataset/664.jpg	633.9857999999999	-252.72624861931726
./dataset/665.jpg	633.9857999999999	-258.3133108425274
./dataset/666.jpg	633.9857999999999	298.4052755583707
./dataset/667.jpg	633.9857999999999	179.69474598036726
./dataset/668.jpg	633.9857999999999	-142.33412566325575
./dataset/669.jpg	633.9857999999999	37.579331421075096
./dataset/670.jpg	633.9857999999999	-281.1099133830771
./dataset/671.jpg	633.9857999999999	59.676130366653865
./dataset/672.jpg	633.9857999999999	-33.31704759546284
./dataset/673.jpg	633.9857999999999	271.9083616175253
./dataset/674.jpg	633.9857999999999	244.46408205646298
./dataset/675.jpg	633.9857999999999	55.516014254948686
./dataset/676.jpg	633.9857999999999	83.50344109318439
./dataset/677.jpg	633.9857999999999	198.06036820032745
./dataset/678.jpg	633.9857999999999	12.27356614936133
./dataset/679.jpg	633.9857999999999	-8.025746072553602
./dataset/680.jpg	633.9857999999999	27.932347973115498
./dataset/681.jpg	633.9857999999999	-50.77631194093033
./dataset/682.jpg	633.9857999999999	-207.7457049739914
./dataset/683.jpg	633.9857999999999	199.16606410897856
./dataset/684.jpg	633.9857999999999	206.77498488419138
./dataset/685.jpg	633.9857999999999	-272.46818124540164
./dataset/686.jpg	633.9857999999999	-219.17131451173537
./dataset/687.jpg	633.9857999999999	298.12762025289
./dataset/688.jpg	633.9857999999999	94.11007996205518
./dataset/689.jpg	633.9857999999999	-192.1117610590544
./dataset/690.jpg	633.9857999999999	49.14124513504157
./dataset/691.jpg	633.9857999999999	211.4971581208132
./dataset/692.jpg	633.9857999999999	-227.74300447019698
./dataset/693.jpg	633.9857999999999	86.86528250771295
./dataset/694.jpg	633.9857999999999	90.56133551199213
./dataset/695.jpg	633.9857999999999	-65.24481066128334
./dataset/696.jpg	633.9857999999999	277.1737788394572
./dataset/697.jpg	633.9857999999999	33.053481393623144
./dataset/698.jpg	633.9857999999999	-257.3788684636551
./dataset/699.jpg	633.9857999999999	294.00841826792976
./dataset/700.jpg	633.9857999999999	-226.11767380762524
./dataset/701.jpg	633.9857999999999	-293.3720411113466
./dataset/702.jpg	633.9857999999999	202.4666030927113
./dataset/703.jpg	633.9857999999999	153.45090657261113
./dataset/704.jpg	633.9857999999999	-184.7148545607263
./dataset/705.jpg	633.9857999999999	200.89947983249778
./dataset/706.jpg	633.9857999999999	-232.233134718369
./dataset/707.jpg	633.9857999999999	149.8618620420139
./dataset/708.jpg	633.9857999999999	-241.60710720897896
./dataset/709.jpg	633.9857999999999	-200.73555949094188
./dataset/710.jpg	633.9857999999999	202.54689492451507
./dataset/711.jpg	633.9857999999999	48.107110617446494
./dataset/712.jpg	633.9857999999999	206.83824380641755
./dataset/713.jpg	633.9857999999999	-91.84046618036618
./dataset/714.jpg	633.9857999999999	-153.1506030808344
./dataset/715.jpg	633.9857999999999	107.9676474982785
./dataset/716.jpg	633.9857999999999	261.33588147452735
./dataset/717.jpg	633.9857999999999	-275.4737649707196
./dataset/718.jpg	633.9857999999999	-255.14680115619768
./dataset/719.jpg	633.9857999999999	-85.44191924927048
./dataset/720.jpg	633.9857999999999	247.04174611509643
./dataset/721.jpg	633.9857999999999	-57.24222469721846
./dataset/722.jpg	633.9857999999999	-89.97452691746417
./dataset/723.jpg	633.9857999999999	82.48740654887092
./dataset/724.jpg	633.9857999999999	181.90757283852037
./dataset/725.jpg	633.9857999999999	282.4765298175098
./dataset/726.jpg	633.9857999999999	-282.58440493523995
./dataset/727.jpg	633.9857999999999	53.226584491991275
./dataset/728.jpg	633.9857999999999	105.86031747645808
./dataset/729.jpg	633.9857999999999	-242.91585456909047
./dataset/730.jpg	633.9857999999999	-16.235939763794136
./dataset/731.jpg	633.9857999999999	-111.76265141428502
./dataset/732.jpg	633.9857999999999	-139.00224332068177
./dataset/733.jpg	633.9857999999999	146.45999289553657
./dataset/734.jpg	633.9857999999999	-265.31601878805475
./dataset/735.jpg	633.9857999999999	-127.04299103041194
./dataset/736.jpg	633.9857999999999	101.64817080881636
./dataset/737.jpg	633.9857999999999	-40.60865981859678
./dataset/738.jpg	633.9857999999999	-242.93396599148085
./dataset/739.jpg	633.9857999999999	-237.35038870219287
./dataset/740.jpg	633.9857999999999	230.63654998334653
./dataset/741.jpg	633.9857999999999	-289.81021631201133
./dataset/742.jpg	633.9857999999999	-175.37717312965472
./dataset/743.jpg	633.9857999999999	127.02121426602827
./dataset/744.jpg	633.9857999999999	281.952644363402
./dataset/745.jpg	633.9857999999999	-31.476616961076104
./dataset/746.jpg	633.9857999999999	-220.1557880184988
./dataset/747.jpg	633.9857999999999	-126.61424118548939
./dataset/748.jpg	633.9857999999999	24.242438277660767
./dataset/749.jpg	633.9857999999999	141.6803401657263
./dataset/750.jpg	633.9857999999999	263.75423862774346
./dataset/751.jpg	633.9857999999999	-219.60812165103528
./dataset/752.jpg	633.9857999999999	-42.21100745557044
./dataset/753.jpg	633.9857999999999	297.6447019225568
./dataset/754.jpg	633.9857999999999	-52.70304523598051
./dataset/755.jpg	633.9857999999999	147.97575456575441
./dataset/756.jpg	633.9857999999999	121.86698005470913
./dataset/757.jpg	633.9857999999999	-250.2604712833409
./dataset/758.jpg	633.9857999999999	-270.8040013156623
./dataset/759.jpg	633.9857999999999	-123.32823457559786
./dataset/760.jpg	633.9857999999999	180.48373128880303
./dataset/761.jpg	633.9857999999999	220.41467527684676
./dataset/762.jpg	633.9857999999999	-165.7936390664817
./dataset/763.jpg	633.9857999999999	198.60739469293998
./dataset/764.jpg	633.9857999999999	165.4450327508888
./dataset/765.jpg	633.9857999999999	247.11880830187727
./dataset/766.jpg	633.9857999999999	135.40347904089083
./dataset/767.jpg	633.9857999999999	185.87298420636347
./dataset/768.jpg	633.9857999999999	186.15078467873855
./dataset/769.jpg	633.9857999999999	-16.905543016485808
./dataset/770.jpg	633.9857999999999	292.3743272005165
./dataset/771.jpg	633.9857999999999	-116.29832129164973
./dataset/772.jpg	633.9857999999999	276.61407090197713
./dataset/773.jpg	633.9857999999999	-19.853785480122838
./dataset/774.jpg	633.9857999999999	197.72100067716087
./dataset/775.jpg	633.9857999999999	215.7095784787375
./dataset/776.jpg	633.9857999999999	224.39217343199346
./dataset/777.jpg	633.9857999999999	-203.1330493352693
./dataset/778.jpg	633.9857999999999	-258.73561830398825
./dataset/779.jpg	633.9857999999999	181.6053271475388
./dataset/780.jpg	633.9857999999999	270.7369391348767
./dataset/781.jpg	633.9857999999999	-225.26935619386245
./dataset/782.jpg	633.9857999999999	-68.21345978010322
./dataset/783.jpg	633.9857999999999	193.19052411795462
./dataset/784.jpg	633.9857999999999	7.621143163034333
./dataset/785.jpg	633.9857999999999	-95.17495728274022
./dataset/786.jpg	633.9857999999999	-26.786853819410055
./dataset/787.jpg	633.9857999999999	269.10038620426974
./dataset/788.jpg	633.9857999999999	-52.207637679676225
./dataset/789.jpg	633.9857999999999	-80.71938503498973
./dataset/790.jpg	633.9857999999999	194.8598756852171
./dataset/791.jpg	633.9857999999999	-36.833212369336024
./dataset/792.jpg	633.9857999999999	8.14124540499779
./dataset/793.jpg	633.9857999999999	-138.85180935636748
./dataset/794.jpg	633.9857999999999	-259.4469593313019
./dataset/795.jpg	633.9857999999999	50.550462886403125
./dataset/796.jpg	633.9857999999999	-188.0535259422944
./dataset/797.jpg	633.9857999999999	-64.25390040862527
./dataset/798.jpg	633.9857999999999	-187.5670907853738
./dataset/799.jpg	633.9857999999999	-281.3965253101428
./dataset/800.jpg	633.9857999999999	-225.03473965734347
./dataset/801.jpg	633.9857999999999	-174.61238180273227
./dataset/802.jpg	633.9857999999999	-143.36366085992768
./dataset/803.jpg	633.9857999999999	-241.9217827802996
./dataset/804.jpg	633.9857999999999	32.24338274811322
./dataset/805.jpg	633.9857999999999	36.021489414800385
./dataset/806.jpg	633.9857999999999	-192.49630520290629
./dataset/807.jpg	633.9857999999999	-177.5510733744722
./dataset/808.jpg	633.9857999999999	191.26443286371847
./dataset/809.jpg	633.9857999999999	-39.35167560587672
./dataset/810.jpg	633.9857999999999	6.411562523342354
./dataset/811.jpg	633.9857999999999	-201.66122068092096
./dataset/812.jpg	633.9857999999999	68.57099120722592
./dataset/813.jpg	633.9857999999999	-10.85372253610717
./dataset/814.jpg	633.9857999999999	-38.17161900924799
./dataset/815.jpg	633.9857999999999	-23.07960250977328
./dataset/816.jpg	633.9857999999999	-57.33806111339294
./dataset/817.jpg	633.9857999999999	280.4349584322231
./dataset/818.jpg	633.9857999999999	216.4417289503582
./dataset/819.jpg	633.9857999999999	-198.60621791299965
./dataset/820.jpg	633.9857999999999	-107.7760748359556
./dataset/821.jpg	633.9857999999999	-211.93764737678387
./dataset/822.jpg	633.9857999999999	274.01394365901456
./dataset/823.jpg	633.9857999999999	-260.0924743388795
./dataset/824.jpg	633.9857999999999	73.7446525319408
./dataset/825.jpg	633.9857999999999	98.35763112754114
./dataset/826.jpg	633.9857999999999	-179.31440474818868
./dataset/827.jpg	633.9857999999999	-97.65196973698562
./dataset/828.jpg	633.9857999999999	286.6150385631262
./dataset/829.jpg	633.9857999999999	101.80548674457731
./dataset/830.jpg	633.9857999999999	0.651678450137581
./dataset/831.jpg	633.9857999999999	-237.75689467941945
./dataset/832.jpg	633.9857999999999	-69.28724812529498
./dataset/833.jpg	633.9857999999999	156.51402659759646
./dataset/834.jpg	633.9857999999999	61.73217179562181
./dataset/835.jpg	633.9857999999999	234.35918878176426
./dataset/836.jpg	633.9857999999999	-295.42675424461106
./dataset/837.jpg	633.9857999999999	295.7418726430336
./dataset/838.jpg	633.9857999999999	131.99956494528885
./dataset/839.jpg	633.9857999999999	53.62663150332736
./dataset/840.jpg	633.9857999999999	172.07485891410698
./dataset/841.jpg	633.9857999999999	26.97435496639605
./dataset/842.jpg	633.9857999999999	127.43548498228216
./dataset/843.jpg	633.9857999999999	-154.70179313170834
./dataset/844.jpg	633.9857999999999	68.14567129571907
./dataset/845.jpg	633.9857999999999	-50.78543884926464
./dataset/846.jpg	633.9857999999999	102.18885183392706
./dataset/847.jpg	633.9857999999999	127.5920421051394
./dataset/848.jpg	633.9857999999999	236.2511362961593
./dataset/849.jpg	633.9857999999999	275.01477506909714
./dataset/850.jpg	633.9857999999999	181.35324390670735
./dataset/851.jpg	633.9857999999999	-27.555956185796788
./dataset/852.jpg	633.9857999999999	-252.7603598677892
./dataset/853.jpg	633.9857999999999	298.60642868281593
./dataset/854.jpg	633.9857999999999	254.34215115163897
./dataset/855.jpg	633.9857999999999	23.20243069517926
./dataset/856.jpg	633.9857999999999	27.701411711942114
./dataset/857.jpg	633.9857999999999	193.3540910483825
./dataset/858.jpg	633.9857999999999	176.00262188328327
./dataset/859.jpg	633.9857999999999	-181.26734995928342
./dataset/860.jpg	633.9857999999999	234.52628776567803
./dataset/861.jpg	633.9857999999999	283.6349571381551
./dataset/862.jpg	633.9857999999999	-297.07745070080625
./dataset/863.jpg	633.9857999999999	272.0572622405898
./dataset/864.jpg	633.9857999999999	-227.98597962692355
./dataset/865.jpg	633.9857999999999	-261.59321466833694
./dataset/866.jpg	633.9857999999999	194.5975825615813
./dataset/867.jpg	633.9857999999999	-75.25913749012324
./dataset/868.jpg	633.9857999999999	-52.055187782276164
./dataset/869.jpg	633.9857999999999	-208.16875444747012
./dataset/870.jpg	633.9857999999999	24.951440564645395
./dataset/871.jpg	633.9857999999999	61.206602172479165
./dataset/872.jpg	633.9857999999999	40.79630187791247
./dataset/873.jpg	633.9857999999999	-297.90539037159664
./dataset/874.jpg	633.9857999999999	125.84453965009203
./dataset/875.jpg	633.9857999999999	-209.68006790420495
./dataset/876.jpg	633.9857999999999	-215.22385420278087
./dataset/877.jpg	633.9857999999999	87.36044193886795
./dataset/878.jpg	633.9857999999999	-208.38533240267398
./dataset/879.jpg	633.9857999999999	-43.277560140483615
./dataset/880.jpg	633.9857999999999	-249.4046979242626
./dataset/881.jpg	633.9857999999999	288.45127629378055
./dataset/882.jpg	633.9857999999999	205.60900063938863
./dataset/883.jpg	633.9857999999999	-143.1270384808599
./dataset/884.jpg	633.9857999999999	193.279941554387
./dataset/885.jpg	633.9857999999999	243.14501484793254
./dataset/886.jpg	633.9857999999999	-51.08254187575531
./dataset/887.jpg	633.9857999999999	121.76667278099268
./dataset/888.jpg	633.9857999999999	62.74299088328735
./dataset/889.jpg	633.9857999999999	7.196543524858953
./dataset/890.jpg	633.9857999999999	205.38871341916735
./dataset/891.jpg	633.9857999999999	245.23506111438962
./dataset/892.jpg	633.9857999999999	112.68363551287507
./dataset/893.jpg	633.9857999999999	131.1419431678429
./dataset/894.jpg	633.9857999999999	32.835874622376764
./dataset/895.jpg	633.9857999999999	-8.70398290191207
./dataset/896.jpg	633.9857999999999	-274.52192443692655
./dataset/897.jpg	633.9857999999999	-257.5962789009112
./dataset/898.jpg	633.9857999999999	113.27636769713433
./dataset/899.jpg	633.9857999999999	76.48344504204397
./dataset/900.jpg	633.9857999999999	-254.24062773692117
./dataset/901.jpg	633.9857999999999	12.222907819096008
./dataset/902.jpg	633.9857999999999	-190.74909710353964
./dataset/903.jpg	633.9857999999999	292.54263231820005
./dataset/904.jpg	633.9857999999999	-150.68387873139753
./dataset/905.jpg	633.9857999999999	-188.78270387485733
./dataset/906.jpg	633.9857999999999	-129.6976871098223
./dataset/907.jpg	633.9857999999999	-162.78194767621557
./dataset/908.jpg	633.9857999999999	127.28022041054629
./dataset/909.jpg	633.9857999999999	264.93892655280536
./dataset/910.jpg	633.9857999999999	112.23822290572264
./dataset/911.jpg	633.9857999999999	-289.15491847940325
./dataset/912.jpg	633.9857999999999	125.74798909453608
./dataset/913.jpg	633.9857999999999	-38.38242465131697
./dataset/914.jpg	633.9857999999999	-6.126994888406102
./dataset/915.jpg	633.9857999999999	-250.83869590790937
./dataset/916.jpg	633.9857999999999	-179.11220967324604
./dataset/917.jpg	633.9857999999999	-95.5772591635428
./dataset/918.jpg	633.9857999999999	-128.05083966028187
./dataset/919.jpg	633.9857999999999	120.40871653460073
./dataset/920.jpg	633.9857999999999	252.02460424750996
./dataset/921.jpg	633.9857999999999	170.58065253347587
./dataset/922.jpg	633.9857999999999	-118.43689796004631
./dataset/923.jpg	633.9857999999999	-8.395815570692662
./dataset/924.jpg	633.9857999999999	190.22631192508078
./dataset/925.jpg	633.9857999999999	63.53890939027406
./dataset/926.jpg	633.9857999999999	-267.4921524614988
./dataset/927.jpg	633.9857999999999	238.78141109364287
./dataset/928.jpg	633.9857999999999	24.986465537574702
./dataset/929.jpg	633.9857999999999	96.93385027984215
./dataset/930.jpg	633.9857999999999	195.7617227778016
./dataset/931.jpg	633.9857999999999	209.8444321491433
./dataset/932.jpg	633.9857999999999	-294.5338331076152
./dataset/933.jpg	633.9857999999999	-65.09937448858983
./dataset/934.jpg	633.9857999999999	214.77246260977438
./dataset/935.jpg	633.9857999999999	-4.44047887212804
./dataset/936.jpg	633.9857999999999	-169.11773996194066
./dataset/937.jpg	633.9857999999999	251.30459647192083
./dataset/938.jpg	633.9857999999999	-106.45796692940266
./dataset/939.jpg	633.9857999999999	82.34713115044934
./dataset/940.jpg	633.9857999999999	189.498934228052
./dataset/941.jpg	633.9857999999999	128.18021265309272
./dataset/942.jpg	633.9857999999999	240.17942993792167
./dataset/943.jpg	633.9857999999999	-5.019442591904692
./dataset/944.jpg	633.9857999999999	-133.91869268957592
./dataset/945.jpg	633.9857999999999	6.641041952427884
./dataset/946.jpg	633.9857999999999	1.2966247945772125
./dataset/947.jpg	633.9857999999999	-50.174516670858594
./dataset/948.jpg	633.9857999999999	3.209362346002706
./dataset/949.jpg	633.9857999999999	-282.2742133434055
./dataset/950.jpg	633.9857999999999	-50.65572146759939
./dataset/951.jpg	633.9857999999999	-252.96806584487092
./dataset/952.jpg	633.9857999999999	-281.2366841992658
./dataset/953.jpg	633.9857999999999	-78.13002218320372
./dataset/954.jpg	633.9857999999999	93.27845598643637
./dataset/955.jpg	633.9857999999999	91.44506472890345
./dataset/956.jpg	633.9857999999999	-239.28725197248622
./dataset/957.jpg	633.9857999999999	-215.24867363928956
./dataset/958.jpg	633.9857999999999	-115.92258188868155
./dataset/959.jpg	633.9857999999999	70.76160395631086
./dataset/960.jpg	633.9857999999999	278.4029997239859
./dataset/961.jpg	633.9857999999999	-3.5458876477230206
./dataset/962.jpg	633.9857999999999	-272.0765011915501
./dataset/963.jpg	633.9857999999999	136.55645883230005
./dataset/964.jpg	633.9857999999999	-187.6445303513516
./dataset/965.jpg	633.9857999999999	100.72683256333414
./dataset/966.jpg	633.9857999999999	-181.9831633119956
./dataset/967.jpg	633.9857999999999	233.30157596689946
./dataset/968.jpg	633.9857999999999	-283.1707468309532
./dataset/969.jpg	633.9857999999999	-159.54065788584754
./dataset/970.jpg	633.9857999999999	-163.7011336486747
./dataset/971.jpg	633.9857999999999	285.2808773332589
./dataset/972.jpg	633.9857999999999	160.16459709307458
./dataset/973.jpg	633.9857999999999	215.98081957669592
./dataset/974.jpg	633.9857999999999	-124.2411324806379
./dataset/975.jpg	633.9857999999999	-266.9887089923707
./dataset/976.jpg	633.9857999999999	-109.30570840671686
./dataset/977.jpg	633.9857999999999	287.51616269110775
./dataset/978.jpg	633.9857999999999	96.59809232878354
./dataset/979.jpg	633.9857999999999	160.85089727822788
./dataset/980.jpg	633.9857999999999	252.0903858673322
./dataset/981.jpg	633.9857999999999	-200.29229144188403
./dataset/982.jpg	633.9857999999999	17.372397925380653
./dataset/983.jpg	633.9857999999999	101.2189622318258
./dataset/984.jpg	633.9857999999999	-84.91076988711984
./dataset/985.jpg	633.9857999999999	87.10550145054998
./dataset/986.jpg	633.9857999999999	-51.156887734744316
./dataset/987.jpg	633.9857999999999	-143.56623203094014
./dataset/988.jpg	633.9857999999999	13.222322194451465
./dataset/989.jpg	633.9857999999999	-35.93991528867497
./dataset/990.jpg	633.9857999999999	-29.48727999024959
./dataset/991.jpg	633.9857999999999	-143.6265816688082
./dataset/992.jpg	633.9857999999999	-20.417113204862858
./dataset/993.jpg	633.9857999999999	45.15236518674709
./dataset/994.jpg	633.9857999999999	26.707329155259174
./dataset/995.jpg	633.9857999999999	243.5277558455698
./dataset/996.jpg	633.9857999999999	-51.4198583780846
./dataset/997.jpg	633.9857999999999	212.11982335179607
./dataset/998.jpg	633.9857999999999	-64.74528012729931
./dataset/999.jpg	633.9857999999999	-189.86685204781222
